{
  "sr_trials_var": 0.00517155606357363,
  "n_trials": 2,
  "benchmark": "IV-only",
  "n_cells_scored": 2,
  "scorecard": [
    {
      "n_obs": 21,
      "span_years": 2.89,
      "ppy": 7.26,
      "mean_obs": 11.797726285464513,
      "ann_return": 85.6116462072698,
      "vol_ann": 84.39598659991414,
      "sharpe_ann": 1.0144042348022848,
      "sortino_ann": 2.0737432735022963,
      "dd_dev": 15.325356705396581,
      "cvar95": -45.31120248996926,
      "cvar99": -47.31788401794396,
      "worst_day": -47.31788401794396,
      "worst_20": 243.0514819680807,
      "max_dd": 47.31788401794396,
      "hit_rate": 0.6666666666666666,
      "avg_win": 27.058998178974182,
      "avg_loss": -18.72481750155483,
      "pnl_total": 247.75225199475477,
      "sr_obs": 0.37656832584349226,
      "sr0": 0.03737744250669375,
      "dsr": 0.9320222449591646,
      "dsr_stat": 1.4910227957975035,
      "skew": 0.06893550511553292,
      "kurt": 2.7201632508659426,
      "model": "EnsembleTopK",
      "horizon": 22,
      "ablation": "iron_condor__hold__none",
      "structure": "iron_condor",
      "is_benchmark": false,
      "dte": 30,
      "gross_total": 241.13855901404938,
      "cost_total": 6.315825733525598,
      "cost_frac_of_gross": 0.026191687299407063,
      "n_trades": 31,
      "sr_trials_var": 0.00517155606357363,
      "n_trials_deflation": 2
    },
    {
      "n_obs": 24,
      "span_years": 3.32,
      "ppy": 7.24,
      "mean_obs": 27.002500000000015,
      "ann_return": 195.46153179190762,
      "vol_ann": 264.30760813467407,
      "sharpe_ann": 0.7395229110934751,
      "sortino_ann": 1.463342878868091,
      "dd_dev": 49.64626005551676,
      "cvar95": -133.68,
      "cvar99": -177.48,
      "worst_day": -177.48,
      "worst_20": 571.0200000000007,
      "max_dd": 242.16000000000014,
      "hit_rate": 0.6666666666666666,
      "avg_win": 76.53187500000004,
      "avg_loss": -72.05625000000003,
      "pnl_total": 648.0600000000004,
      "sr_obs": 0.27486723377881844,
      "sr0": 0.03737744250669375,
      "dsr": 0.8813302918511341,
      "dsr_stat": 1.181663072357299,
      "skew": 0.4284626376412407,
      "kurt": 3.47785672270251,
      "model": "IV-only",
      "horizon": 22,
      "ablation": "iron_condor__hold__none",
      "structure": "iron_condor",
      "is_benchmark": true,
      "dte": 30,
      "gross_total": 648.4500000000024,
      "cost_total": 36.270000000000024,
      "cost_frac_of_gross": 0.05593337959750156,
      "n_trades": 55,
      "sr_trials_var": 0.00517155606357363,
      "n_trials_deflation": 2
    }
  ],
  "attribution": [
    {
      "model": "EnsembleTopK",
      "horizon": 22,
      "ablation": "iron_condor__hold__none",
      "structure": "iron_condor",
      "benchmark": "IV-only",
      "n_common": 15,
      "mean_delta": -12.477567737751126,
      "ann_delta": -66.88989651976905,
      "sharpe_model": 0.39066885120774253,
      "sharpe_iv": 0.2706841048684663,
      "cvar95_model": -47.31788401794396,
      "cvar95_iv": -177.48,
      "maxdd_model": 52.66807921253138,
      "maxdd_iv": 202.0499999999996,
      "worst20_model": 215.46648393373349,
      "worst20_iv": 402.6300000000002,
      "dm_stat": NaN,
      "dm_p_onesided": NaN,
      "boot_p_onesided": 0.83775,
      "block_obs": 2
    }
  ],
  "verdicts": [
    {
      "model": "EnsembleTopK",
      "horizon": 22,
      "ablation": "iron_condor__hold__none",
      "structure": "iron_condor",
      "n_obs": 21,
      "n_trades": 31,
      "dsr": 0.9320222449591646,
      "dsr_stat": 1.4910227957975035,
      "sharpe_ann": 1.0144042348022848,
      "ann_return": 85.6116462072698,
      "cvar95": -45.31120248996926,
      "cvar99": -47.31788401794396,
      "max_dd": 47.31788401794396,
      "worst_20": 243.0514819680807,
      "beat_iv_mean_delta": -12.477567737751126,
      "beat_iv_dm_p": NaN,
      "beat_iv_boot_p": 0.83775,
      "n_trials_deflation": 2
    }
  ]
}