{
  "sr_trials_var": 0.0015998099487015988,
  "n_trials": 2,
  "benchmark": "IV-only",
  "n_cells_scored": 2,
  "scorecard": [
    {
      "n_obs": 51,
      "span_years": 7.38,
      "ppy": 6.91,
      "mean_obs": 3.245093542116686,
      "ann_return": 22.42997819263974,
      "vol_ann": 107.15100491692701,
      "sharpe_ann": 0.20933054440347482,
      "sortino_ann": 0.25513029521413355,
      "dd_dev": 33.43997962716982,
      "cvar95": -119.27494867604098,
      "cvar99": -182.95688351300743,
      "worst_day": -182.95688351300743,
      "worst_20": -154.79754309236182,
      "max_dd": 224.2099104896011,
      "hit_rate": 0.6274509803921569,
      "avg_win": 22.10172980854983,
      "avg_loss": -28.51345174871809,
      "pnl_total": 165.49977064795098,
      "sr_obs": 0.0796217625849507,
      "sr0": 0.02078897898232958,
      "dsr": 0.6475374908859299,
      "dsr_stat": 0.3786806579782398,
      "skew": -2.3873825521289214,
      "kurt": 11.592499455123622,
      "model": "EnsembleTopK",
      "horizon": 22,
      "ablation": "iron_condor__hold__none",
      "structure": "iron_condor",
      "is_benchmark": false,
      "dte": 30,
      "gross_total": 147.54811064765022,
      "cost_total": 15.543831770388367,
      "cost_frac_of_gross": 0.10534754868876331,
      "n_trades": 102,
      "sr_trials_var": 0.0015998099487015988,
      "n_trials_deflation": 2
    },
    {
      "n_obs": 58,
      "span_years": 7.8,
      "ppy": 7.44,
      "mean_obs": 19.166896551724168,
      "ann_return": 142.52057564057586,
      "vol_ann": 383.77723061247605,
      "sharpe_ann": 0.37136277056646916,
      "sortino_ann": 0.5052905964892738,
      "dd_dev": 103.43641675128167,
      "cvar95": -376.4500000000001,
      "cvar99": -588.9599999999996,
      "worst_day": -588.9599999999996,
      "worst_20": -586.379999999999,
      "max_dd": 855.7199999999996,
      "hit_rate": 0.6724137931034483,
      "avg_win": 85.28923076923081,
      "avg_loss": -116.55789473684213,
      "pnl_total": 1111.6800000000017,
      "sr_obs": 0.1361869453160548,
      "sr0": 0.02078897898232958,
      "dsr": 0.7840727208224897,
      "dsr_stat": 0.786022068562541,
      "skew": -1.430221691968986,
      "kurt": 8.289098127254814,
      "model": "IV-only",
      "horizon": 22,
      "ablation": "iron_condor__hold__none",
      "structure": "iron_condor",
      "is_benchmark": true,
      "dte": 30,
      "gross_total": 1057.5000000000011,
      "cost_total": 89.69999999999999,
      "cost_frac_of_gross": 0.08482269503546089,
      "n_trades": 150,
      "sr_trials_var": 0.0015998099487015988,
      "n_trials_deflation": 2
    }
  ],
  "attribution": [
    {
      "model": "EnsembleTopK",
      "horizon": 22,
      "ablation": "iron_condor__hold__none",
      "structure": "iron_condor",
      "benchmark": "IV-only",
      "n_common": 42,
      "mean_delta": -12.040736030616266,
      "ann_delta": -69.44019213446197,
      "sharpe_model": 0.048004452649472625,
      "sharpe_iv": 0.09153107369597496,
      "cvar95_model": -119.27494867604098,
      "cvar95_iv": -376.4500000000001,
      "maxdd_model": 230.43370851427326,
      "maxdd_iv": 827.5499999999993,
      "worst20_model": -192.0440302421659,
      "worst20_iv": -636.8099999999987,
      "dm_stat": -0.7853752999411834,
      "dm_p_onesided": 0.7838832208533326,
      "boot_p_onesided": 0.80725,
      "block_obs": 2
    }
  ],
  "verdicts": [
    {
      "model": "EnsembleTopK",
      "horizon": 22,
      "ablation": "iron_condor__hold__none",
      "structure": "iron_condor",
      "n_obs": 51,
      "n_trades": 102,
      "dsr": 0.6475374908859299,
      "dsr_stat": 0.3786806579782398,
      "sharpe_ann": 0.20933054440347482,
      "ann_return": 22.42997819263974,
      "cvar95": -119.27494867604098,
      "cvar99": -182.95688351300743,
      "max_dd": 224.2099104896011,
      "worst_20": -154.79754309236182,
      "beat_iv_mean_delta": -12.040736030616266,
      "beat_iv_dm_p": 0.7838832208533326,
      "beat_iv_boot_p": 0.80725,
      "n_trials_deflation": 2
    }
  ]
}