{
  "sr_trials_var": 0.005042322507432343,
  "n_trials": 2,
  "benchmark": "IV-only",
  "n_cells_scored": 2,
  "scorecard": [
    {
      "n_obs": 24,
      "span_years": 3.32,
      "ppy": 7.24,
      "mean_obs": 31.615208333333367,
      "ann_return": 228.8512933526014,
      "vol_ann": 308.0249987133801,
      "sharpe_ann": 0.7429633773509061,
      "sortino_ann": 1.47299100172365,
      "dd_dev": 57.746360238835244,
      "cvar95": -155.95999999999998,
      "cvar99": -207.05999999999997,
      "worst_day": -207.05999999999997,
      "worst_20": 668.8850000000009,
      "max_dd": 282.52000000000015,
      "hit_rate": 0.6666666666666666,
      "avg_win": 89.28718750000006,
      "avg_loss": -83.72875000000003,
      "pnl_total": 758.7650000000008,
      "sr_obs": 0.27614599259602823,
      "sr0": 0.03690746983285267,
      "dsr": 0.8831087722699524,
      "dsr_stat": 1.1906717928191535,
      "skew": 0.43037033066305586,
      "kurt": 3.486153059970392,
      "model": "IV-only",
      "horizon": 22,
      "ablation": "iron_condor__hold__none",
      "structure": "iron_condor",
      "is_benchmark": true,
      "dte": 30,
      "gross_total": 759.6750000000028,
      "cost_total": 42.76999999999995,
      "cost_frac_of_gross": 0.05630039161483502,
      "n_trades": 56,
      "sr_trials_var": 0.005042322507432343,
      "n_trials_deflation": 2
    },
    {
      "n_obs": 21,
      "span_years": 2.89,
      "ppy": 7.26,
      "mean_obs": 13.764013999708595,
      "ann_return": 99.88025390848141,
      "vol_ann": 98.46198436656653,
      "sharpe_ann": 1.0144042348022844,
      "sortino_ann": 2.073743273502296,
      "dd_dev": 17.87958282296268,
      "cvar95": -52.8630695716308,
      "cvar99": -55.20419802093461,
      "worst_day": -55.20419802093461,
      "worst_20": 283.56006229609415,
      "max_dd": 55.20419802093461,
      "hit_rate": 0.6666666666666666,
      "avg_win": 31.56883120880321,
      "avg_loss": -21.84562041848064,
      "pnl_total": 289.0442939938805,
      "sr_obs": 0.3765683258434921,
      "sr0": 0.03690746983285267,
      "dsr": 0.9322930165501108,
      "dsr_stat": 1.4930887120839478,
      "skew": 0.06893550511553351,
      "kurt": 2.720163250865944,
      "model": "EnsembleTopK",
      "horizon": 22,
      "ablation": "iron_condor__hold__none",
      "structure": "iron_condor",
      "is_benchmark": false,
      "dte": 30,
      "gross_total": 281.3283188497244,
      "cost_total": 7.368463355779864,
      "cost_frac_of_gross": 0.026191687299407056,
      "n_trades": 31,
      "sr_trials_var": 0.005042322507432343,
      "n_trials_deflation": 2
    }
  ],
  "attribution": [
    {
      "model": "EnsembleTopK",
      "horizon": 22,
      "ablation": "iron_condor__hold__none",
      "structure": "iron_condor",
      "benchmark": "IV-only",
      "n_common": 15,
      "mean_delta": -14.736829027376324,
      "ann_delta": -79.00137185297262,
      "sharpe_model": 0.3906688512077425,
      "sharpe_iv": 0.27271274441405285,
      "cvar95_model": -55.20419802093461,
      "cvar95_iv": -207.05999999999997,
      "maxdd_model": 61.44609241461993,
      "maxdd_iv": 233.0299999999994,
      "worst20_model": 251.3775645893557,
      "worst20_iv": 472.43000000000063,
      "dm_stat": NaN,
      "dm_p_onesided": NaN,
      "boot_p_onesided": 0.8405,
      "block_obs": 2
    }
  ],
  "verdicts": [
    {
      "model": "EnsembleTopK",
      "horizon": 22,
      "ablation": "iron_condor__hold__none",
      "structure": "iron_condor",
      "n_obs": 21,
      "n_trades": 31,
      "dsr": 0.9322930165501108,
      "dsr_stat": 1.4930887120839478,
      "sharpe_ann": 1.0144042348022844,
      "ann_return": 99.88025390848141,
      "cvar95": -52.8630695716308,
      "cvar99": -55.20419802093461,
      "max_dd": 55.20419802093461,
      "worst_20": 283.56006229609415,
      "beat_iv_mean_delta": -14.736829027376324,
      "beat_iv_dm_p": NaN,
      "beat_iv_boot_p": 0.8405,
      "n_trials_deflation": 2
    }
  ]
}