{
  "sr_trials_var": 0.014020102538198978,
  "n_trials": 2,
  "benchmark": "IV-only",
  "n_cells_scored": 2,
  "scorecard": [
    {
      "n_obs": 16,
      "span_years": 2.89,
      "ppy": 5.53,
      "mean_obs": 2.9539048935319157,
      "ann_return": 16.331712580700582,
      "vol_ann": 64.66192595433567,
      "sharpe_ann": 0.2525707723619933,
      "sortino_ann": 0.3955978025116488,
      "dd_dev": 17.557401788669722,
      "cvar95": -47.31788401794396,
      "cvar99": -47.31788401794396,
      "worst_day": -47.31788401794396,
      "worst_20": 47.26247829651065,
      "max_dd": 47.476825001265844,
      "hit_rate": 0.5625,
      "avg_win": 19.815133423043832,
      "avg_loss": -18.72481750155483,
      "pnl_total": 47.26247829651065,
      "sr_obs": 0.10741513592275109,
      "sr0": 0.06154241840648309,
      "dsr": 0.570147105213391,
      "dsr_stat": 0.17674869540622282,
      "skew": -0.04461866617515823,
      "kurt": 2.939436285503812,
      "model": "EnsembleTopK",
      "horizon": 22,
      "ablation": "iron_condor__hold__none",
      "structure": "iron_condor",
      "is_benchmark": false,
      "dte": 30,
      "gross_total": 34.23448760100022,
      "cost_total": 4.506305643144468,
      "cost_frac_of_gross": 0.13163058538118177,
      "n_trades": 25,
      "sr_trials_var": 0.014020102538198978,
      "n_trials_deflation": 2
    },
    {
      "n_obs": 24,
      "span_years": 3.32,
      "ppy": 7.24,
      "mean_obs": 27.002500000000015,
      "ann_return": 195.46153179190762,
      "vol_ann": 264.30760813467407,
      "sharpe_ann": 0.7395229110934751,
      "sortino_ann": 1.463342878868091,
      "dd_dev": 49.64626005551676,
      "cvar95": -133.68,
      "cvar99": -177.48,
      "worst_day": -177.48,
      "worst_20": 571.0200000000007,
      "max_dd": 242.16000000000014,
      "hit_rate": 0.6666666666666666,
      "avg_win": 76.53187500000004,
      "avg_loss": -72.05625000000003,
      "pnl_total": 648.0600000000004,
      "sr_obs": 0.27486723377881844,
      "sr0": 0.06154241840648309,
      "dsr": 0.8557520349501283,
      "dsr_stat": 1.0614269160483065,
      "skew": 0.4284626376412407,
      "kurt": 3.47785672270251,
      "model": "IV-only",
      "horizon": 22,
      "ablation": "iron_condor__hold__none",
      "structure": "iron_condor",
      "is_benchmark": true,
      "dte": 30,
      "gross_total": 648.4500000000024,
      "cost_total": 36.270000000000024,
      "cost_frac_of_gross": 0.05593337959750156,
      "n_trades": 55,
      "sr_trials_var": 0.014020102538198978,
      "n_trials_deflation": 2
    }
  ],
  "attribution": [
    {
      "model": "EnsembleTopK",
      "horizon": 22,
      "ablation": "iron_condor__hold__none",
      "structure": "iron_condor",
      "benchmark": "IV-only",
      "n_common": 11,
      "mean_delta": 1.7745916600146876,
      "ann_delta": 6.976385168320951,
      "sharpe_model": 0.058244212841349896,
      "sharpe_iv": 0.0015100070204867263,
      "cvar95_model": -47.31788401794396,
      "cvar95_iv": -177.48,
      "maxdd_model": 52.66807921253138,
      "maxdd_iv": 202.04999999999956,
      "worst20_model": 21.200508260161563,
      "worst20_iv": 1.6800000000000637,
      "dm_stat": NaN,
      "dm_p_onesided": NaN,
      "boot_p_onesided": 0.592,
      "block_obs": 2
    }
  ],
  "verdicts": [
    {
      "model": "EnsembleTopK",
      "horizon": 22,
      "ablation": "iron_condor__hold__none",
      "structure": "iron_condor",
      "n_obs": 16,
      "n_trades": 25,
      "dsr": 0.570147105213391,
      "dsr_stat": 0.17674869540622282,
      "sharpe_ann": 0.2525707723619933,
      "ann_return": 16.331712580700582,
      "cvar95": -47.31788401794396,
      "cvar99": -47.31788401794396,
      "max_dd": 47.476825001265844,
      "worst_20": 47.26247829651065,
      "beat_iv_mean_delta": 1.7745916600146876,
      "beat_iv_dm_p": NaN,
      "beat_iv_boot_p": 0.592,
      "n_trials_deflation": 2
    }
  ]
}