{
  "sr_trials_var": 0.008881145590217843,
  "n_trials": 2,
  "benchmark": "IV-only",
  "n_cells_scored": 2,
  "scorecard": [
    {
      "n_obs": 24,
      "span_years": 3.32,
      "ppy": 7.24,
      "mean_obs": 27.098750000000013,
      "ann_return": 196.1582514450868,
      "vol_ann": 264.02142746861153,
      "sharpe_ann": 0.7429633773509057,
      "sortino_ann": 1.4729910017236492,
      "dd_dev": 49.49688020471592,
      "cvar95": -133.68,
      "cvar99": -177.48,
      "worst_day": -177.48,
      "worst_20": 573.3300000000007,
      "max_dd": 242.16000000000014,
      "hit_rate": 0.6666666666666666,
      "avg_win": 76.53187500000004,
      "avg_loss": -71.76750000000003,
      "pnl_total": 650.3700000000003,
      "sr_obs": 0.27614599259602807,
      "sr0": 0.04898165537425648,
      "dsr": 0.8708839393758221,
      "dsr_stat": 1.1305794967316796,
      "skew": 0.43037033066305563,
      "kurt": 3.48615305997039,
      "model": "IV-only",
      "horizon": 22,
      "ablation": "iron_condor__hold__none",
      "structure": "iron_condor",
      "is_benchmark": true,
      "dte": 30,
      "gross_total": 651.1500000000025,
      "cost_total": 36.660000000000025,
      "cost_frac_of_gross": 0.05630039161483512,
      "n_trades": 56,
      "sr_trials_var": 0.008881145590217843,
      "n_trials_deflation": 2
    },
    {
      "n_obs": 23,
      "span_years": 2.89,
      "ppy": 7.95,
      "mean_obs": 17.841742240512282,
      "ann_return": 141.80133976062777,
      "vol_ann": 122.85375347586465,
      "sharpe_ann": 1.1542287943891392,
      "sortino_ann": 3.434614464926034,
      "dd_dev": 14.644710904402197,
      "cvar95": -45.31120248996926,
      "cvar99": -47.31788401794396,
      "worst_day": -47.31788401794396,
      "worst_20": 370.65319552213884,
      "max_dd": 47.31788401794396,
      "hit_rate": 0.6956521739130435,
      "avg_win": 33.851771346110965,
      "avg_loss": -18.75261000085614,
      "pnl_total": 410.36007153178247,
      "sr_obs": 0.4094212385362839,
      "sr0": 0.04898165537425648,
      "dsr": 0.983225299863924,
      "dsr_stat": 2.1254461815780656,
      "skew": 1.3544203676500919,
      "kurt": 5.467411040140157,
      "model": "EnsembleTopK",
      "horizon": 22,
      "ablation": "iron_condor__hold__none",
      "structure": "iron_condor",
      "is_benchmark": false,
      "dte": 30,
      "gross_total": 452.9207859963685,
      "cost_total": 11.602636708383722,
      "cost_frac_of_gross": 0.025617364155322186,
      "n_trades": 46,
      "sr_trials_var": 0.008881145590217843,
      "n_trials_deflation": 2
    }
  ],
  "attribution": [
    {
      "model": "EnsembleTopK",
      "horizon": 22,
      "ablation": "iron_condor__hold__none",
      "structure": "iron_condor",
      "benchmark": "IV-only",
      "n_common": 17,
      "mean_delta": -14.928476297441824,
      "ann_delta": -90.69925777875797,
      "sharpe_model": 0.4467218092725678,
      "sharpe_iv": 0.33302533573869497,
      "cvar95_model": -47.31788401794396,
      "cvar95_iv": -177.48,
      "maxdd_model": 52.66807921253138,
      "maxdd_iv": 199.73999999999955,
      "worst20_model": 380.2359029434892,
      "worst20_iv": 634.0200000000002,
      "dm_stat": NaN,
      "dm_p_onesided": NaN,
      "boot_p_onesided": 0.88,
      "block_obs": 2
    }
  ],
  "verdicts": [
    {
      "model": "EnsembleTopK",
      "horizon": 22,
      "ablation": "iron_condor__hold__none",
      "structure": "iron_condor",
      "n_obs": 23,
      "n_trades": 46,
      "dsr": 0.983225299863924,
      "dsr_stat": 2.1254461815780656,
      "sharpe_ann": 1.1542287943891392,
      "ann_return": 141.80133976062777,
      "cvar95": -45.31120248996926,
      "cvar99": -47.31788401794396,
      "max_dd": 47.31788401794396,
      "worst_20": 370.65319552213884,
      "beat_iv_mean_delta": -14.928476297441824,
      "beat_iv_dm_p": NaN,
      "beat_iv_boot_p": 0.88,
      "n_trials_deflation": 2
    }
  ]
}