{
  "sr_trials_var": 0.0051715560635736185,
  "n_trials": 2,
  "benchmark": "IV-only",
  "n_cells_scored": 2,
  "scorecard": [
    {
      "n_obs": 21,
      "span_years": 2.89,
      "ppy": 7.26,
      "mean_obs": 9.831438571220426,
      "ann_return": 71.34303850605815,
      "vol_ann": 70.3299888332618,
      "sharpe_ann": 1.0144042348022848,
      "sortino_ann": 2.073743273502296,
      "dd_dev": 12.771130587830486,
      "cvar95": -37.75933540830772,
      "cvar99": -39.4315700149533,
      "worst_day": -39.4315700149533,
      "worst_20": 202.5429016400672,
      "max_dd": 39.4315700149533,
      "hit_rate": 0.6666666666666666,
      "avg_win": 22.549165149145153,
      "avg_loss": -15.604014584629027,
      "pnl_total": 206.46020999562896,
      "sr_obs": 0.3765683258434922,
      "sr0": 0.037377442506693705,
      "dsr": 0.9320222449591646,
      "dsr_stat": 1.4910227957975037,
      "skew": 0.06893550511553355,
      "kurt": 2.720163250865944,
      "model": "EnsembleTopK",
      "horizon": 22,
      "ablation": "iron_condor__hold__none",
      "structure": "iron_condor",
      "is_benchmark": false,
      "dte": 30,
      "gross_total": 200.94879917837451,
      "cost_total": 5.263188111271331,
      "cost_frac_of_gross": 0.026191687299407056,
      "n_trades": 31,
      "sr_trials_var": 0.0051715560635736185,
      "n_trials_deflation": 2
    },
    {
      "n_obs": 24,
      "span_years": 3.32,
      "ppy": 7.24,
      "mean_obs": 22.50208333333335,
      "ann_return": 162.88460982658972,
      "vol_ann": 220.2563401122284,
      "sharpe_ann": 0.7395229110934752,
      "sortino_ann": 1.463342878868091,
      "dd_dev": 41.37188337959731,
      "cvar95": -111.4,
      "cvar99": -147.9,
      "worst_day": -147.9,
      "worst_20": 475.8500000000005,
      "max_dd": 201.80000000000013,
      "hit_rate": 0.6666666666666666,
      "avg_win": 63.77656250000004,
      "avg_loss": -60.04687500000004,
      "pnl_total": 540.0500000000004,
      "sr_obs": 0.2748672337788185,
      "sr0": 0.037377442506693705,
      "dsr": 0.8813302918511341,
      "dsr_stat": 1.1816630723572994,
      "skew": 0.42846263764124054,
      "kurt": 3.4778567227025117,
      "model": "IV-only",
      "horizon": 22,
      "ablation": "iron_condor__hold__none",
      "structure": "iron_condor",
      "is_benchmark": true,
      "dte": 30,
      "gross_total": 540.375000000002,
      "cost_total": 30.224999999999973,
      "cost_frac_of_gross": 0.05593337959750147,
      "n_trades": 55,
      "sr_trials_var": 0.0051715560635736185,
      "n_trials_deflation": 2
    }
  ],
  "attribution": [
    {
      "model": "EnsembleTopK",
      "horizon": 22,
      "ablation": "iron_condor__hold__none",
      "structure": "iron_condor",
      "benchmark": "IV-only",
      "n_common": 15,
      "mean_delta": -10.397973114792608,
      "ann_delta": -55.741580433140896,
      "sharpe_model": 0.39066885120774253,
      "sharpe_iv": 0.27068410486846634,
      "cvar95_model": -39.4315700149533,
      "cvar95_iv": -147.9,
      "maxdd_model": 43.89006601044282,
      "maxdd_iv": 168.37499999999966,
      "worst20_model": 179.5554032781112,
      "worst20_iv": 335.5250000000003,
      "dm_stat": NaN,
      "dm_p_onesided": NaN,
      "boot_p_onesided": 0.83775,
      "block_obs": 2
    }
  ],
  "verdicts": [
    {
      "model": "EnsembleTopK",
      "horizon": 22,
      "ablation": "iron_condor__hold__none",
      "structure": "iron_condor",
      "n_obs": 21,
      "n_trades": 31,
      "dsr": 0.9320222449591646,
      "dsr_stat": 1.4910227957975037,
      "sharpe_ann": 1.0144042348022848,
      "ann_return": 71.34303850605815,
      "cvar95": -37.75933540830772,
      "cvar99": -39.4315700149533,
      "max_dd": 39.4315700149533,
      "worst_20": 202.5429016400672,
      "beat_iv_mean_delta": -10.397973114792608,
      "beat_iv_dm_p": NaN,
      "beat_iv_boot_p": 0.83775,
      "n_trials_deflation": 2
    }
  ]
}