{
  "sr_trials_var": 0.006933758048222521,
  "n_trials": 2,
  "benchmark": "IV-only",
  "n_cells_scored": 2,
  "scorecard": [
    {
      "n_obs": 24,
      "span_years": 3.32,
      "ppy": 7.24,
      "mean_obs": 27.098750000000013,
      "ann_return": 196.1582514450868,
      "vol_ann": 264.02142746861153,
      "sharpe_ann": 0.7429633773509057,
      "sortino_ann": 1.4729910017236492,
      "dd_dev": 49.49688020471592,
      "cvar95": -133.68,
      "cvar99": -177.48,
      "worst_day": -177.48,
      "worst_20": 573.3300000000007,
      "max_dd": 242.16000000000014,
      "hit_rate": 0.6666666666666666,
      "avg_win": 76.53187500000004,
      "avg_loss": -71.76750000000003,
      "pnl_total": 650.3700000000003,
      "sr_obs": 0.27614599259602807,
      "sr0": 0.043279606656753435,
      "dsr": 0.8767633791874279,
      "dsr_stat": 1.1589581562000473,
      "skew": 0.43037033066305563,
      "kurt": 3.48615305997039,
      "model": "IV-only",
      "horizon": 22,
      "ablation": "iron_condor__hold__none",
      "structure": "iron_condor",
      "is_benchmark": true,
      "dte": 30,
      "gross_total": 651.1500000000025,
      "cost_total": 36.660000000000025,
      "cost_frac_of_gross": 0.05630039161483512,
      "n_trades": 56,
      "sr_trials_var": 0.006933758048222521,
      "n_trials_deflation": 2
    },
    {
      "n_obs": 19,
      "span_years": 2.89,
      "ppy": 6.57,
      "mean_obs": 4.701851851387131,
      "ann_return": 30.870081727212717,
      "vol_ann": 30.58512861778294,
      "sharpe_ann": 1.0093167209787082,
      "sortino_ann": 2.7335317600599023,
      "dd_dev": 4.4073672067144,
      "cvar95": -15.09384301380101,
      "cvar99": -15.09384301380101,
      "worst_day": -15.09384301380101,
      "worst_20": 89.3351851763555,
      "max_dd": 15.093843013801006,
      "hit_rate": 0.6842105263157895,
      "avg_win": 9.663887160146011,
      "avg_loss": -6.049224650923773,
      "pnl_total": 89.3351851763555,
      "sr_obs": 0.3939064108036968,
      "sr0": 0.043279606656753435,
      "dsr": 0.9634358865626462,
      "dsr_stat": 1.7920295860994784,
      "skew": 1.1960113859538468,
      "kurt": 5.129893242569887,
      "model": "EnsembleTopK",
      "horizon": 22,
      "ablation": "iron_condor__hold__none",
      "structure": "iron_condor",
      "is_benchmark": false,
      "dte": 30,
      "gross_total": 90.44402999585965,
      "cost_total": 2.5869558169853093,
      "cost_frac_of_gross": 0.028602836661565555,
      "n_trades": 33,
      "sr_trials_var": 0.006933758048222521,
      "n_trials_deflation": 2
    }
  ],
  "attribution": [
    {
      "model": "EnsembleTopK",
      "horizon": 22,
      "ablation": "iron_condor__hold__none",
      "structure": "iron_condor",
      "benchmark": "IV-only",
      "n_common": 13,
      "mean_delta": -30.521025894103104,
      "ann_delta": -141.80182113666837,
      "sharpe_model": 0.4373461878940016,
      "sharpe_iv": 0.3549917410004772,
      "cvar95_model": -15.09384301380101,
      "cvar95_iv": -177.48,
      "maxdd_model": 15.093843013801006,
      "maxdd_iv": 177.48000000000002,
      "worst20_model": 80.22666337665966,
      "worst20_iv": 477.0000000000001,
      "dm_stat": NaN,
      "dm_p_onesided": NaN,
      "boot_p_onesided": 0.95275,
      "block_obs": 2
    }
  ],
  "verdicts": [
    {
      "model": "EnsembleTopK",
      "horizon": 22,
      "ablation": "iron_condor__hold__none",
      "structure": "iron_condor",
      "n_obs": 19,
      "n_trades": 33,
      "dsr": 0.9634358865626462,
      "dsr_stat": 1.7920295860994784,
      "sharpe_ann": 1.0093167209787082,
      "ann_return": 30.870081727212717,
      "cvar95": -15.09384301380101,
      "cvar99": -15.09384301380101,
      "max_dd": 15.093843013801006,
      "worst_20": 89.3351851763555,
      "beat_iv_mean_delta": -30.521025894103104,
      "beat_iv_dm_p": NaN,
      "beat_iv_boot_p": 0.95275,
      "n_trials_deflation": 2
    }
  ]
}