{
  "sr_trials_var": 0.0050423225074323645,
  "n_trials": 2,
  "benchmark": "IV-only",
  "n_cells_scored": 2,
  "scorecard": [
    {
      "n_obs": 21,
      "span_years": 2.89,
      "ppy": 7.26,
      "mean_obs": 9.831438571220426,
      "ann_return": 71.34303850605815,
      "vol_ann": 70.3299888332618,
      "sharpe_ann": 1.0144042348022848,
      "sortino_ann": 2.073743273502296,
      "dd_dev": 12.771130587830486,
      "cvar95": -37.75933540830772,
      "cvar99": -39.4315700149533,
      "worst_day": -39.4315700149533,
      "worst_20": 202.5429016400672,
      "max_dd": 39.4315700149533,
      "hit_rate": 0.6666666666666666,
      "avg_win": 22.549165149145153,
      "avg_loss": -15.604014584629027,
      "pnl_total": 206.46020999562896,
      "sr_obs": 0.3765683258434922,
      "sr0": 0.03690746983285275,
      "dsr": 0.9322930165501108,
      "dsr_stat": 1.4930887120839478,
      "skew": 0.06893550511553355,
      "kurt": 2.720163250865944,
      "model": "EnsembleTopK",
      "horizon": 22,
      "ablation": "iron_condor__hold__none",
      "structure": "iron_condor",
      "is_benchmark": false,
      "dte": 30,
      "gross_total": 200.94879917837451,
      "cost_total": 5.263188111271331,
      "cost_frac_of_gross": 0.026191687299407056,
      "n_trades": 31,
      "sr_trials_var": 0.0050423225074323645,
      "n_trials_deflation": 2
    },
    {
      "n_obs": 24,
      "span_years": 3.32,
      "ppy": 7.24,
      "mean_obs": 22.58229166666668,
      "ann_return": 163.46520953757235,
      "vol_ann": 220.01785622384295,
      "sharpe_ann": 0.7429633773509059,
      "sortino_ann": 1.4729910017236492,
      "dd_dev": 41.247400170596606,
      "cvar95": -111.4,
      "cvar99": -147.9,
      "worst_day": -147.9,
      "worst_20": 477.77500000000055,
      "max_dd": 201.80000000000013,
      "hit_rate": 0.6666666666666666,
      "avg_win": 63.77656250000004,
      "avg_loss": -59.806250000000034,
      "pnl_total": 541.9750000000004,
      "sr_obs": 0.2761459925960281,
      "sr0": 0.03690746983285275,
      "dsr": 0.8831087722699522,
      "dsr_stat": 1.1906717928191524,
      "skew": 0.43037033066305524,
      "kurt": 3.486153059970391,
      "model": "IV-only",
      "horizon": 22,
      "ablation": "iron_condor__hold__none",
      "structure": "iron_condor",
      "is_benchmark": true,
      "dte": 30,
      "gross_total": 542.625000000002,
      "cost_total": 30.549999999999972,
      "cost_frac_of_gross": 0.05630039161483503,
      "n_trades": 56,
      "sr_trials_var": 0.0050423225074323645,
      "n_trials_deflation": 2
    }
  ],
  "attribution": [
    {
      "model": "EnsembleTopK",
      "horizon": 22,
      "ablation": "iron_condor__hold__none",
      "structure": "iron_condor",
      "benchmark": "IV-only",
      "n_common": 15,
      "mean_delta": -10.526306448125938,
      "ann_delta": -56.429551323551834,
      "sharpe_model": 0.39066885120774253,
      "sharpe_iv": 0.2727127444140527,
      "cvar95_model": -39.4315700149533,
      "cvar95_iv": -147.9,
      "maxdd_model": 43.89006601044282,
      "maxdd_iv": 166.4499999999997,
      "worst20_model": 179.5554032781112,
      "worst20_iv": 337.4500000000003,
      "dm_stat": NaN,
      "dm_p_onesided": NaN,
      "boot_p_onesided": 0.8405,
      "block_obs": 2
    }
  ],
  "verdicts": [
    {
      "model": "EnsembleTopK",
      "horizon": 22,
      "ablation": "iron_condor__hold__none",
      "structure": "iron_condor",
      "n_obs": 21,
      "n_trades": 31,
      "dsr": 0.9322930165501108,
      "dsr_stat": 1.4930887120839478,
      "sharpe_ann": 1.0144042348022848,
      "ann_return": 71.34303850605815,
      "cvar95": -37.75933540830772,
      "cvar99": -39.4315700149533,
      "max_dd": 39.4315700149533,
      "worst_20": 202.5429016400672,
      "beat_iv_mean_delta": -10.526306448125938,
      "beat_iv_dm_p": NaN,
      "beat_iv_boot_p": 0.8405,
      "n_trials_deflation": 2
    }
  ]
}