{
  "sr_trials_var": 0.005171556063573602,
  "n_trials": 2,
  "benchmark": "IV-only",
  "n_cells_scored": 2,
  "scorecard": [
    {
      "n_obs": 21,
      "span_years": 2.89,
      "ppy": 7.26,
      "mean_obs": 13.764013999708595,
      "ann_return": 99.88025390848141,
      "vol_ann": 98.46198436656653,
      "sharpe_ann": 1.0144042348022844,
      "sortino_ann": 2.073743273502296,
      "dd_dev": 17.87958282296268,
      "cvar95": -52.8630695716308,
      "cvar99": -55.20419802093461,
      "worst_day": -55.20419802093461,
      "worst_20": 283.56006229609415,
      "max_dd": 55.20419802093461,
      "hit_rate": 0.6666666666666666,
      "avg_win": 31.56883120880321,
      "avg_loss": -21.84562041848064,
      "pnl_total": 289.0442939938805,
      "sr_obs": 0.3765683258434921,
      "sr0": 0.03737744250669365,
      "dsr": 0.9320222449591646,
      "dsr_stat": 1.4910227957975037,
      "skew": 0.06893550511553351,
      "kurt": 2.720163250865944,
      "model": "EnsembleTopK",
      "horizon": 22,
      "ablation": "iron_condor__hold__none",
      "structure": "iron_condor",
      "is_benchmark": false,
      "dte": 30,
      "gross_total": 281.3283188497244,
      "cost_total": 7.368463355779864,
      "cost_frac_of_gross": 0.026191687299407056,
      "n_trades": 31,
      "sr_trials_var": 0.005171556063573602,
      "n_trials_deflation": 2
    },
    {
      "n_obs": 24,
      "span_years": 3.32,
      "ppy": 7.24,
      "mean_obs": 31.502916666666696,
      "ann_return": 228.03845375722565,
      "vol_ann": 308.35887615711977,
      "sharpe_ann": 0.7395229110934755,
      "sortino_ann": 1.4633428788680913,
      "dd_dev": 57.92063673143622,
      "cvar95": -155.95999999999998,
      "cvar99": -207.05999999999997,
      "worst_day": -207.05999999999997,
      "worst_20": 666.1900000000009,
      "max_dd": 282.52000000000015,
      "hit_rate": 0.6666666666666666,
      "avg_win": 89.28718750000006,
      "avg_loss": -84.06562500000003,
      "pnl_total": 756.0700000000007,
      "sr_obs": 0.27486723377881855,
      "sr0": 0.03737744250669365,
      "dsr": 0.8813302918511343,
      "dsr_stat": 1.1816630723573,
      "skew": 0.4284626376412411,
      "kurt": 3.477856722702511,
      "model": "IV-only",
      "horizon": 22,
      "ablation": "iron_condor__hold__none",
      "structure": "iron_condor",
      "is_benchmark": true,
      "dte": 30,
      "gross_total": 756.5250000000028,
      "cost_total": 42.314999999999955,
      "cost_frac_of_gross": 0.05593337959750147,
      "n_trades": 55,
      "sr_trials_var": 0.005171556063573602,
      "n_trials_deflation": 2
    }
  ],
  "attribution": [
    {
      "model": "EnsembleTopK",
      "horizon": 22,
      "ablation": "iron_condor__hold__none",
      "structure": "iron_condor",
      "benchmark": "IV-only",
      "n_common": 15,
      "mean_delta": -14.557162360709658,
      "ann_delta": -78.0382126063973,
      "sharpe_model": 0.3906688512077425,
      "sharpe_iv": 0.27068410486846645,
      "cvar95_model": -55.20419802093461,
      "cvar95_iv": -207.05999999999997,
      "maxdd_model": 61.44609241461993,
      "maxdd_iv": 235.72499999999945,
      "worst20_model": 251.3775645893557,
      "worst20_iv": 469.7350000000006,
      "dm_stat": NaN,
      "dm_p_onesided": NaN,
      "boot_p_onesided": 0.83775,
      "block_obs": 2
    }
  ],
  "verdicts": [
    {
      "model": "EnsembleTopK",
      "horizon": 22,
      "ablation": "iron_condor__hold__none",
      "structure": "iron_condor",
      "n_obs": 21,
      "n_trades": 31,
      "dsr": 0.9320222449591646,
      "dsr_stat": 1.4910227957975037,
      "sharpe_ann": 1.0144042348022844,
      "ann_return": 99.88025390848141,
      "cvar95": -52.8630695716308,
      "cvar99": -55.20419802093461,
      "max_dd": 55.20419802093461,
      "worst_20": 283.56006229609415,
      "beat_iv_mean_delta": -14.557162360709658,
      "beat_iv_dm_p": NaN,
      "beat_iv_boot_p": 0.83775,
      "n_trials_deflation": 2
    }
  ]
}