{
  "sr_trials_var": 0.005042322507432376,
  "n_trials": 2,
  "benchmark": "IV-only",
  "n_cells_scored": 2,
  "scorecard": [
    {
      "n_obs": 21,
      "span_years": 2.89,
      "ppy": 7.26,
      "mean_obs": 11.797726285464513,
      "ann_return": 85.6116462072698,
      "vol_ann": 84.39598659991414,
      "sharpe_ann": 1.0144042348022848,
      "sortino_ann": 2.0737432735022963,
      "dd_dev": 15.325356705396581,
      "cvar95": -45.31120248996926,
      "cvar99": -47.31788401794396,
      "worst_day": -47.31788401794396,
      "worst_20": 243.0514819680807,
      "max_dd": 47.31788401794396,
      "hit_rate": 0.6666666666666666,
      "avg_win": 27.058998178974182,
      "avg_loss": -18.72481750155483,
      "pnl_total": 247.75225199475477,
      "sr_obs": 0.37656832584349226,
      "sr0": 0.036907469832852785,
      "dsr": 0.9322930165501108,
      "dsr_stat": 1.4930887120839473,
      "skew": 0.06893550511553292,
      "kurt": 2.7201632508659426,
      "model": "EnsembleTopK",
      "horizon": 22,
      "ablation": "iron_condor__hold__none",
      "structure": "iron_condor",
      "is_benchmark": false,
      "dte": 30,
      "gross_total": 241.13855901404938,
      "cost_total": 6.315825733525598,
      "cost_frac_of_gross": 0.026191687299407063,
      "n_trades": 31,
      "sr_trials_var": 0.005042322507432376,
      "n_trials_deflation": 2
    },
    {
      "n_obs": 24,
      "span_years": 3.32,
      "ppy": 7.24,
      "mean_obs": 27.098750000000013,
      "ann_return": 196.1582514450868,
      "vol_ann": 264.02142746861153,
      "sharpe_ann": 0.7429633773509057,
      "sortino_ann": 1.4729910017236492,
      "dd_dev": 49.49688020471592,
      "cvar95": -133.68,
      "cvar99": -177.48,
      "worst_day": -177.48,
      "worst_20": 573.3300000000007,
      "max_dd": 242.16000000000014,
      "hit_rate": 0.6666666666666666,
      "avg_win": 76.53187500000004,
      "avg_loss": -71.76750000000003,
      "pnl_total": 650.3700000000003,
      "sr_obs": 0.27614599259602807,
      "sr0": 0.036907469832852785,
      "dsr": 0.883108772269952,
      "dsr_stat": 1.190671792819152,
      "skew": 0.43037033066305563,
      "kurt": 3.48615305997039,
      "model": "IV-only",
      "horizon": 22,
      "ablation": "iron_condor__hold__none",
      "structure": "iron_condor",
      "is_benchmark": true,
      "dte": 30,
      "gross_total": 651.1500000000025,
      "cost_total": 36.660000000000025,
      "cost_frac_of_gross": 0.05630039161483512,
      "n_trades": 56,
      "sr_trials_var": 0.005042322507432376,
      "n_trials_deflation": 2
    }
  ],
  "attribution": [
    {
      "model": "EnsembleTopK",
      "horizon": 22,
      "ablation": "iron_condor__hold__none",
      "structure": "iron_condor",
      "benchmark": "IV-only",
      "n_common": 15,
      "mean_delta": -12.631567737751128,
      "ann_delta": -67.71546158826222,
      "sharpe_model": 0.39066885120774253,
      "sharpe_iv": 0.27271274441405274,
      "cvar95_model": -47.31788401794396,
      "cvar95_iv": -177.48,
      "maxdd_model": 52.66807921253138,
      "maxdd_iv": 199.73999999999955,
      "worst20_model": 215.46648393373349,
      "worst20_iv": 404.9400000000003,
      "dm_stat": NaN,
      "dm_p_onesided": NaN,
      "boot_p_onesided": 0.8405,
      "block_obs": 2
    }
  ],
  "verdicts": [
    {
      "model": "EnsembleTopK",
      "horizon": 22,
      "ablation": "iron_condor__hold__none",
      "structure": "iron_condor",
      "n_obs": 21,
      "n_trades": 31,
      "dsr": 0.9322930165501108,
      "dsr_stat": 1.4930887120839473,
      "sharpe_ann": 1.0144042348022848,
      "ann_return": 85.6116462072698,
      "cvar95": -45.31120248996926,
      "cvar99": -47.31788401794396,
      "max_dd": 47.31788401794396,
      "worst_20": 243.0514819680807,
      "beat_iv_mean_delta": -12.631567737751128,
      "beat_iv_dm_p": NaN,
      "beat_iv_boot_p": 0.8405,
      "n_trials_deflation": 2
    }
  ]
}