{
  "sr_trials_var": 0.003117865363978632,
  "n_trials": 2,
  "benchmark": "IV-only",
  "n_cells_scored": 2,
  "scorecard": [
    {
      "n_obs": 24,
      "span_years": 3.32,
      "ppy": 7.24,
      "mean_obs": 27.002500000000015,
      "ann_return": 195.46153179190762,
      "vol_ann": 264.30760813467407,
      "sharpe_ann": 0.7395229110934751,
      "sortino_ann": 1.463342878868091,
      "dd_dev": 49.64626005551676,
      "cvar95": -133.68,
      "cvar99": -177.48,
      "worst_day": -177.48,
      "worst_20": 571.0200000000007,
      "max_dd": 242.16000000000014,
      "hit_rate": 0.6666666666666666,
      "avg_win": 76.53187500000004,
      "avg_loss": -72.05625000000003,
      "pnl_total": 648.0600000000004,
      "sr_obs": 0.27486723377881844,
      "sr0": 0.029022020351910427,
      "dsr": 0.889379831564248,
      "dsr_stat": 1.223236622788148,
      "skew": 0.4284626376412407,
      "kurt": 3.47785672270251,
      "model": "IV-only",
      "horizon": 22,
      "ablation": "iron_condor__hold__none",
      "structure": "iron_condor",
      "is_benchmark": true,
      "dte": 30,
      "gross_total": 648.4500000000024,
      "cost_total": 36.270000000000024,
      "cost_frac_of_gross": 0.05593337959750156,
      "n_trades": 55,
      "sr_trials_var": 0.003117865363978632,
      "n_trials_deflation": 2
    },
    {
      "n_obs": 22,
      "span_years": 2.89,
      "ppy": 7.6,
      "mean_obs": 12.922712384063942,
      "ann_return": 98.24073354980682,
      "vol_ann": 100.6985522213797,
      "sharpe_ann": 0.9755923137189746,
      "sortino_ann": 2.2884722974023073,
      "dd_dev": 15.569582892705526,
      "cvar95": -45.31120248996926,
      "cvar99": -47.31788401794396,
      "worst_day": -47.31788401794396,
      "worst_20": 240.07203702057603,
      "max_dd": 67.3394806291462,
      "hit_rate": 0.6363636363636364,
      "avg_win": 31.099642255106623,
      "avg_loss": -18.886914890260755,
      "pnl_total": 284.2996724494067,
      "sr_obs": 0.3538338769134817,
      "sr0": 0.029022020351910427,
      "dsr": 0.949749067553028,
      "dsr_stat": 1.6424254468019088,
      "skew": 0.7492643761490807,
      "kurt": 3.761498950451304,
      "model": "EnsembleTopK",
      "horizon": 22,
      "ablation": "iron_condor__hold__none",
      "structure": "iron_condor",
      "is_benchmark": false,
      "dte": 30,
      "gross_total": 278.8403510756261,
      "cost_total": 7.470197340450259,
      "cost_frac_of_gross": 0.02679023072390344,
      "n_trades": 35,
      "sr_trials_var": 0.003117865363978632,
      "n_trials_deflation": 2
    }
  ],
  "attribution": [
    {
      "model": "EnsembleTopK",
      "horizon": 22,
      "ablation": "iron_condor__hold__none",
      "structure": "iron_condor",
      "benchmark": "IV-only",
      "n_common": 16,
      "mean_delta": -6.914205901602131,
      "ann_delta": -39.53680948039418,
      "sharpe_model": 0.36453095091503407,
      "sharpe_iv": 0.23044375336454184,
      "cvar95_model": -47.31788401794396,
      "cvar95_iv": -177.48,
      "maxdd_model": 72.68967582373361,
      "maxdd_iv": 202.0499999999996,
      "worst20_model": 248.50270557436613,
      "worst20_iv": 359.13000000000034,
      "dm_stat": NaN,
      "dm_p_onesided": NaN,
      "boot_p_onesided": 0.76375,
      "block_obs": 2
    }
  ],
  "verdicts": [
    {
      "model": "EnsembleTopK",
      "horizon": 22,
      "ablation": "iron_condor__hold__none",
      "structure": "iron_condor",
      "n_obs": 22,
      "n_trades": 35,
      "dsr": 0.949749067553028,
      "dsr_stat": 1.6424254468019088,
      "sharpe_ann": 0.9755923137189746,
      "ann_return": 98.24073354980682,
      "cvar95": -45.31120248996926,
      "cvar99": -47.31788401794396,
      "max_dd": 67.3394806291462,
      "worst_20": 240.07203702057603,
      "beat_iv_mean_delta": -6.914205901602131,
      "beat_iv_dm_p": NaN,
      "beat_iv_boot_p": 0.76375,
      "n_trials_deflation": 2
    }
  ]
}