{
  "sr_trials_var": 0.08170999659328433,
  "n_trials": 9,
  "benchmark": "IV-only",
  "n_cells_scored": 9,
  "scorecard": [
    {
      "n_obs": 58,
      "span_years": 7.8,
      "ppy": 7.44,
      "mean_obs": -15.606465517241377,
      "ann_return": -116.04604027729026,
      "vol_ann": 637.3736382336322,
      "sharpe_ann": -0.18206909309724706,
      "sortino_ann": -0.23902872626855312,
      "dd_dev": 178.039901098573,
      "cvar95": -591.2950000000002,
      "cvar99": -1028.4599999999998,
      "worst_day": -1028.4599999999998,
      "worst_20": -1652.4450000000008,
      "max_dd": 2130.4350000000004,
      "hit_rate": 0.43103448275862066,
      "avg_win": 159.85200000000003,
      "avg_loss": -148.52954545454546,
      "pnl_total": -905.1749999999998,
      "sr_obs": -0.06676876518223954,
      "sr0": 0.4347138448779129,
      "dsr": 5.232109680749837e-05,
      "dsr_stat": -3.879567887791541,
      "skew": -0.8362716067115775,
      "kurt": 8.391494169730114,
      "model": "IV-only",
      "horizon": 22,
      "ablation": "iron_fly__hold__none",
      "structure": "iron_fly",
      "is_benchmark": true,
      "dte": 30,
      "gross_total": -2051.085,
      "cost_total": 85.8,
      "cost_frac_of_gross": 0.04183151844024016,
      "n_trades": 143,
      "sr_trials_var": 0.08170999659328433,
      "n_trials_deflation": 9
    },
    {
      "n_obs": 24,
      "span_years": 8.24,
      "ppy": 2.91,
      "mean_obs": 9.946036339658617,
      "ann_return": 28.96576563237456,
      "vol_ann": 23.965781997564594,
      "sharpe_ann": 1.2086301058449949,
      "sortino_ann": 2.817395804869154,
      "dd_dev": 6.024481338437388,
      "cvar95": -15.862564252839984,
      "cvar99": -29.423963888964835,
      "worst_day": -29.423963888964835,
      "worst_20": 185.7774829860606,
      "max_dd": 2.301164616715141,
      "hit_rate": 0.9166666666666666,
      "avg_win": 12.292272757158488,
      "avg_loss": -15.862564252839984,
      "pnl_total": 238.7048721518068,
      "sr_obs": 0.7082326147818101,
      "sr0": 0.4347138448779129,
      "dsr": 0.8508575046982767,
      "dsr_stat": 1.0401181966028121,
      "skew": -0.09539223355590366,
      "kurt": 5.170319752451535,
      "model": "EnsembleTopK",
      "horizon": 22,
      "ablation": "put_credit_spread__hold__none",
      "structure": "put_credit_spread",
      "is_benchmark": false,
      "dte": 30,
      "gross_total": 252.9569915791147,
      "cost_total": 3.0922971325237927,
      "cost_frac_of_gross": 0.012224596415460797,
      "n_trades": 37,
      "sr_trials_var": 0.08170999659328433,
      "n_trials_deflation": 9
    },
    {
      "n_obs": 35,
      "span_years": 8.24,
      "ppy": 4.25,
      "mean_obs": 28.70657142857144,
      "ann_return": 121.91947923588044,
      "vol_ann": 90.65070117569456,
      "sharpe_ann": 1.3449369685467993,
      "sortino_ann": 3.939136930213214,
      "dd_dev": 15.018485324045521,
      "cvar95": -53.18999999999991,
      "cvar99": -67.28999999999999,
      "worst_day": -67.28999999999999,
      "worst_20": 484.3650000000002,
      "max_dd": 39.089999999999826,
      "hit_rate": 0.8571428571428571,
      "avg_win": 39.186,
      "avg_loss": -34.16999999999988,
      "pnl_total": 1004.7300000000004,
      "sr_obs": 0.6526134868074791,
      "sr0": 0.4347138448779129,
      "dsr": 0.9031582311708646,
      "dsr_stat": 1.2997591286708703,
      "skew": 0.8589135345262704,
      "kurt": 5.847254194095187,
      "model": "IV-only",
      "horizon": 22,
      "ablation": "put_credit_spread__hold__none",
      "structure": "put_credit_spread",
      "is_benchmark": true,
      "dte": 30,
      "gross_total": 1021.5000000000003,
      "cost_total": 16.77000000000001,
      "cost_frac_of_gross": 0.016417033773861972,
      "n_trades": 52,
      "sr_trials_var": 0.08170999659328433,
      "n_trials_deflation": 9
    },
    {
      "n_obs": 33,
      "span_years": 8.26,
      "ppy": 4.0,
      "mean_obs": 2.2784626575663847,
      "ann_return": 9.102711311671206,
      "vol_ann": 36.33828015558668,
      "sharpe_ann": 0.25049923311441435,
      "sortino_ann": 0.32301942985746207,
      "dd_dev": 14.098655415373521,
      "cvar95": -54.16986229182454,
      "cvar99": -55.05987097089621,
      "worst_day": -55.05987097089621,
      "worst_20": 8.768593918997288,
      "max_dd": 55.05987097089621,
      "hit_rate": 0.7878787878787878,
      "avg_win": 8.627319647114756,
      "avg_loss": -21.303006160756137,
      "pnl_total": 75.18926769969069,
      "sr_obs": 0.12532622937936752,
      "sr0": 0.4347138448779129,
      "dsr": 0.05645043185642812,
      "dsr_stat": -1.585288222509031,
      "skew": -1.5615203098071129,
      "kurt": 6.887936469019705,
      "model": "HAR-X",
      "horizon": 22,
      "ablation": "put_credit_spread__hold__none",
      "structure": "put_credit_spread",
      "is_benchmark": false,
      "dte": 30,
      "gross_total": 99.38341548289111,
      "cost_total": 4.318000723168457,
      "cost_frac_of_gross": 0.04344790025768235,
      "n_trades": 47,
      "sr_trials_var": 0.08170999659328433,
      "n_trials_deflation": 9
    },
    {
      "n_obs": 51,
      "span_years": 7.38,
      "ppy": 6.91,
      "mean_obs": 3.245093542116686,
      "ann_return": 22.42997819263974,
      "vol_ann": 107.15100491692701,
      "sharpe_ann": 0.20933054440347482,
      "sortino_ann": 0.25513029521413355,
      "dd_dev": 33.43997962716982,
      "cvar95": -119.27494867604098,
      "cvar99": -182.95688351300743,
      "worst_day": -182.95688351300743,
      "worst_20": -154.79754309236182,
      "max_dd": 224.2099104896011,
      "hit_rate": 0.6274509803921569,
      "avg_win": 22.10172980854983,
      "avg_loss": -28.51345174871809,
      "pnl_total": 165.49977064795098,
      "sr_obs": 0.0796217625849507,
      "sr0": 0.4347138448779129,
      "dsr": 0.011139684517350165,
      "dsr_stat": -2.2855709883421436,
      "skew": -2.3873825521289214,
      "kurt": 11.592499455123622,
      "model": "EnsembleTopK",
      "horizon": 22,
      "ablation": "iron_condor__hold__none",
      "structure": "iron_condor",
      "is_benchmark": false,
      "dte": 30,
      "gross_total": 147.54811064765022,
      "cost_total": 15.543831770388367,
      "cost_frac_of_gross": 0.10534754868876331,
      "n_trades": 102,
      "sr_trials_var": 0.08170999659328433,
      "n_trials_deflation": 9
    },
    {
      "n_obs": 58,
      "span_years": 7.8,
      "ppy": 7.44,
      "mean_obs": 19.166896551724168,
      "ann_return": 142.52057564057586,
      "vol_ann": 383.77723061247605,
      "sharpe_ann": 0.37136277056646916,
      "sortino_ann": 0.5052905964892738,
      "dd_dev": 103.43641675128167,
      "cvar95": -376.4500000000001,
      "cvar99": -588.9599999999996,
      "worst_day": -588.9599999999996,
      "worst_20": -586.379999999999,
      "max_dd": 855.7199999999996,
      "hit_rate": 0.6724137931034483,
      "avg_win": 85.28923076923081,
      "avg_loss": -116.55789473684213,
      "pnl_total": 1111.6800000000017,
      "sr_obs": 0.1361869453160548,
      "sr0": 0.4347138448779129,
      "dsr": 0.02100671698431413,
      "dsr_stat": -2.0333870567231753,
      "skew": -1.430221691968986,
      "kurt": 8.289098127254814,
      "model": "IV-only",
      "horizon": 22,
      "ablation": "iron_condor__hold__none",
      "structure": "iron_condor",
      "is_benchmark": true,
      "dte": 30,
      "gross_total": 1057.5000000000011,
      "cost_total": 89.69999999999999,
      "cost_frac_of_gross": 0.08482269503546089,
      "n_trades": 150,
      "sr_trials_var": 0.08170999659328433,
      "n_trials_deflation": 9
    },
    {
      "n_obs": 50,
      "span_years": 7.38,
      "ppy": 6.78,
      "mean_obs": -1.2947672173304539,
      "ann_return": -8.773909575694773,
      "vol_ann": 180.38635737296428,
      "sharpe_ann": -0.0486395407251002,
      "sortino_ann": -0.061400759287152544,
      "dd_dev": 54.893216950040284,
      "cvar95": -190.11540082096488,