{
  "sr_trials_var": 0.013108902418902429,
  "n_trials": 2,
  "benchmark": "IV-only",
  "n_cells_scored": 2,
  "scorecard": [
    {
      "n_obs": 24,
      "span_years": 3.32,
      "ppy": 7.24,
      "mean_obs": 27.098750000000013,
      "ann_return": 196.1582514450868,
      "vol_ann": 264.02142746861153,
      "sharpe_ann": 0.7429633773509057,
      "sortino_ann": 1.4729910017236492,
      "dd_dev": 49.49688020471592,
      "cvar95": -133.68,
      "cvar99": -177.48,
      "worst_day": -177.48,
      "worst_20": 573.3300000000007,
      "max_dd": 242.16000000000014,
      "hit_rate": 0.6666666666666666,
      "avg_win": 76.53187500000004,
      "avg_loss": -71.76750000000003,
      "pnl_total": 650.3700000000003,
      "sr_obs": 0.27614599259602807,
      "sr0": 0.05950892827175769,
      "dsr": 0.8595246355851165,
      "dsr_stat": 1.0781860663192526,
      "skew": 0.43037033066305563,
      "kurt": 3.48615305997039,
      "model": "IV-only",
      "horizon": 22,
      "ablation": "iron_condor__hold__none",
      "structure": "iron_condor",
      "is_benchmark": true,
      "dte": 30,
      "gross_total": 651.1500000000025,
      "cost_total": 36.660000000000025,
      "cost_frac_of_gross": 0.05630039161483512,
      "n_trades": 56,
      "sr_trials_var": 0.013108902418902429,
      "n_trials_deflation": 2
    },
    {
      "n_obs": 28,
      "span_years": 3.24,
      "ppy": 8.64,
      "mean_obs": 16.97563735684191,
      "ann_return": 146.75388271210673,
      "vol_ann": 113.93815083423394,
      "sharpe_ann": 1.2880135550524745,
      "sortino_ann": 2.863138924529101,
      "dd_dev": 17.432730786664816,
      "cvar95": -56.65249291070654,
      "cvar99": -60.71235150181984,
      "worst_day": -60.71235150181984,
      "worst_20": 311.9582435505881,
      "max_dd": 105.80410972757099,
      "hit_rate": 0.7857142857142857,
      "avg_win": 30.418654471496428,
      "avg_loss": -32.31542539689132,
      "pnl_total": 475.31784599157356,
      "sr_obs": 0.4380651231452157,
      "sr0": 0.05950892827175769,
      "dsr": 0.97893516645514,
      "dsr_stat": 2.0322370174077906,
      "skew": 0.46668513178042786,
      "kurt": 3.945284138127867,
      "model": "EnsembleTopK-v2",
      "horizon": 22,
      "ablation": "iron_condor__hold__none",
      "structure": "iron_condor",
      "is_benchmark": false,
      "dte": 30,
      "gross_total": 551.7200011961014,
      "cost_total": 15.607387669902062,
      "cost_frac_of_gross": 0.028288602254886584,
      "n_trades": 73,
      "sr_trials_var": 0.013108902418902429,
      "n_trials_deflation": 2
    }
  ],
  "attribution": [
    {
      "model": "EnsembleTopK-v2",
      "horizon": 22,
      "ablation": "iron_condor__hold__none",
      "structure": "iron_condor",
      "benchmark": "IV-only",
      "n_common": 10,
      "mean_delta": -8.183517371410083,
      "ann_delta": -34.71579233342082,
      "sharpe_model": 0.4418167254033359,
      "sharpe_iv": 0.394971906922664,
      "cvar95_model": -60.71235150181984,
      "cvar95_iv": -79.97999999999998,
      "maxdd_model": 60.71235150181984,
      "maxdd_iv": 131.7600000000001,
      "worst20_model": 207.72482628589952,
      "worst20_iv": 289.5600000000004,
      "dm_stat": NaN,
      "dm_p_onesided": NaN,
      "boot_p_onesided": 0.6645,
      "block_obs": 2
    }
  ],
  "verdicts": [
    {
      "model": "EnsembleTopK-v2",
      "horizon": 22,
      "ablation": "iron_condor__hold__none",
      "structure": "iron_condor",
      "n_obs": 28,
      "n_trades": 73,
      "dsr": 0.97893516645514,
      "dsr_stat": 2.0322370174077906,
      "sharpe_ann": 1.2880135550524745,
      "ann_return": 146.75388271210673,
      "cvar95": -56.65249291070654,
      "cvar99": -60.71235150181984,
      "max_dd": 105.80410972757099,
      "worst_20": 311.9582435505881,
      "beat_iv_mean_delta": -8.183517371410083,
      "beat_iv_dm_p": NaN,
      "beat_iv_boot_p": 0.6645,
      "n_trials_deflation": 2
    }
  ]
}