{
  "sr_trials_var": 0.05400894487549914,
  "n_trials": 2,
  "benchmark": "IV-only",
  "n_cells_scored": 2,
  "scorecard": [
    {
      "n_obs": 24,
      "span_years": 3.32,
      "ppy": 7.24,
      "mean_obs": 27.002500000000015,
      "ann_return": 195.46153179190762,
      "vol_ann": 264.30760813467407,
      "sharpe_ann": 0.7395229110934751,
      "sortino_ann": 1.463342878868091,
      "dd_dev": 49.64626005551676,
      "cvar95": -133.68,
      "cvar99": -177.48,
      "worst_day": -177.48,
      "worst_20": 571.0200000000007,
      "max_dd": 242.16000000000014,
      "hit_rate": 0.6666666666666666,
      "avg_win": 76.53187500000004,
      "avg_loss": -72.05625000000003,
      "pnl_total": 648.0600000000004,
      "sr_obs": 0.27486723377881844,
      "sr0": 0.1207902305071222,
      "dsr": 0.7783496168984403,
      "dsr_stat": 0.7666312900878289,
      "skew": 0.4284626376412407,
      "kurt": 3.47785672270251,
      "model": "IV-only",
      "horizon": 22,
      "ablation": "iron_condor__hold__none",
      "structure": "iron_condor",
      "is_benchmark": true,
      "dte": 30,
      "gross_total": 648.4500000000024,
      "cost_total": 36.270000000000024,
      "cost_frac_of_gross": 0.05593337959750156,
      "n_trades": 55,
      "sr_trials_var": 0.05400894487549914,
      "n_trials_deflation": 2
    },
    {
      "n_obs": 14,
      "span_years": 2.89,
      "ppy": 4.84,
      "mean_obs": -1.332380765727912,
      "ann_return": -6.445722843471786,
      "vol_ann": 54.4778605777927,
      "sharpe_ann": -0.11831820807771065,
      "sortino_ann": -0.1561326639736389,
      "dd_dev": 18.769652027181163,
      "cvar95": -47.31788401794396,
      "cvar99": -47.31788401794396,
      "worst_day": -47.31788401794396,
      "worst_20": -18.65333072019077,
      "max_dd": 73.11805400782072,
      "hit_rate": 0.5,
      "avg_win": 16.060055970099008,
      "avg_loss": -18.72481750155483,
      "pnl_total": -18.65333072019077,
      "sr_obs": -0.05379351798658216,
      "sr0": 0.1207902305071222,
      "dsr": 0.26222462576391636,
      "dsr_stat": -0.6365020403467126,
      "skew": -0.42990828681944737,
      "kurt": 2.595837183911407,
      "model": "EnsembleTopK",
      "horizon": 22,
      "ablation": "iron_condor__hold__none",
      "structure": "iron_condor",
      "is_benchmark": false,
      "dte": 30,
      "gross_total": -32.327320840157135,
      "cost_total": 3.8603062186885237,
      "cost_frac_of_gross": 0.11941311925525344,
      "n_trades": 23,
      "sr_trials_var": 0.05400894487549914,
      "n_trials_deflation": 2
    }
  ],
  "attribution": [
    {
      "model": "EnsembleTopK",
      "horizon": 22,
      "ablation": "iron_condor__hold__none",
      "structure": "iron_condor",
      "benchmark": "IV-only",
      "n_common": 10,
      "mean_delta": 16.172184733111994,
      "ann_delta": 57.79736275703675,
      "sharpe_model": -0.1300918601878684,
      "sharpe_iv": -0.2479213746791863,
      "cvar95_model": -47.31788401794396,
      "cvar95_iv": -177.48,
      "maxdd_model": 77.13630693757773,
      "maxdd_iv": 271.0799999999999,
      "worst20_model": -37.35815266888005,
      "worst20_iv": -199.07999999999998,
      "dm_stat": NaN,
      "dm_p_onesided": NaN,
      "boot_p_onesided": 0.156,
      "block_obs": 2
    }
  ],
  "verdicts": [
    {
      "model": "EnsembleTopK",
      "horizon": 22,
      "ablation": "iron_condor__hold__none",
      "structure": "iron_condor",
      "n_obs": 14,
      "n_trades": 23,
      "dsr": 0.26222462576391636,
      "dsr_stat": -0.6365020403467126,
      "sharpe_ann": -0.11831820807771065,
      "ann_return": -6.445722843471786,
      "cvar95": -47.31788401794396,
      "cvar99": -47.31788401794396,
      "max_dd": 73.11805400782072,
      "worst_20": -18.65333072019077,
      "beat_iv_mean_delta": 16.172184733111994,
      "beat_iv_dm_p": NaN,
      "beat_iv_boot_p": 0.156,
      "n_trials_deflation": 2
    }
  ]
}